Balanced Accuracy,log_loss,Accuracy,Precision,f1 score,Recall,Best Param
0.8089275471116312,0.3063591906048674,0.9107592075213596,0.9175102787903743,0.9132227829529521,0.9107592075213596,{'estimator__var_smoothing': 1e-11}
0.8353246846736813,0.17482933987744517,0.9519829355096742,0.950454938350122,0.9504857862971393,0.9519829355096742,{'estimator__C': 10}
0.8519550080673276,0.2143107445701801,0.9634771217583844,0.9631491599832048,0.9619041972337573,0.9634771217583844,"{'estimator__max_features': 'sqrt', 'estimator__n_estimators': 100}"
0.8614415546460211,0.18706335007771652,0.9660391138521464,0.9658358033261766,0.9646578558112654,0.9660391138521464,"{'estimator__max_depth': None, 'estimator__max_features': 'sqrt', 'estimator__n_estimators': 100}"
0.8685161679373382,0.0911774339874824,0.9670592735998887,0.9667819873296728,0.9658350420505576,0.9670592735998887,"{'estimator__depth': 5, 'estimator__iterations': 300, 'estimator__learning_rate': 0.1}"
0.8752342871887523,0.09042438448176504,0.967505593489526,0.9670324226094622,0.9664666279247228,0.967505593489526,"{'estimator__learning_rate': 0.1, 'estimator__max_depth': 3, 'estimator__max_iter': 300}"
0.876218238637367,0.0899408906803289,0.9672505535525904,0.9667400480974305,0.9662360771207815,0.9672505535525904,"{'estimator__learning_rate': 0.08, 'estimator__max_depth': 4, 'estimator__max_iter': 280}"
0.8773174622567129,0.0893963656504052,0.9674766116785105,0.9669513753675978,0.9664946237639945,0.9674766116785105,"{'estimator__learning_rate': 0.1, 'estimator__max_depth': 5, 'estimator__n_estimators': 300}"
0.8775852880418186,0.08930902319833493,0.9674418335052921,0.966909841583303,0.966468564542903,0.9674418335052921,
0.8790158672947106,0.08973723537275052,0.9673954626076674,0.9668239537331196,0.9664649141581396,0.9673954626076674,"{'estimator__learning_rate': 0.1, 'estimator__max_depth': 5, 'estimator__n_estimators': 300}"
0.8811124359463461,0.09170724424864923,0.9672389608281843,0.9666159588262175,0.9663766345767437,0.9672389608281843,"{'estimator__learning_rate': 0.15, 'estimator__max_depth': 5, 'estimator__n_estimators': 350}"
0.8818357724056404,0.09001655093732115,0.9671694044817473,0.9665275676000366,0.966329614769784,0.9671694044817473,"{'estimator__learning_rate': 0.15, 'estimator__max_depth': 6, 'estimator__n_estimators': 320}"
0.8831168409255777,0.10100221061596693,0.9675403716627444,0.9669006691402127,0.9667361295046414,0.9675403716627444,
0.8841506509015854,0.5395322998085064,0.9609151296646224,0.9602612856647998,0.9604955754412418,0.9609151296646224,{'estimator__ccp_alpha': np.float64(3.512946789746271e-06)}
